wp_post_id,title,suggested_category
742,How to rock your broadcast appearance,analysis
744,Loud Murmurs: A feminist Chinese podcast deconstructing US pop culture,profile
1225,Q&A with NüVoices board member Karoline Kan author of Under Red Skies,profile
1603,10 Tips for writing life stories from Madeleine O'Dea author of The Phoenix Years,profile
1916,I am a Wuhan girl,personal-essay
1969,NüProfile: Madeline Leung Coleman on diaspora feminism and freelance writing,profile
2077,Ferkat Jawdat is risking everything to speak out about China's crackdown on Uyghurs,profile
2149,Resources for China watchers to fight anti-Black racism,analysis
2440,EXPLAINER: China's Domestic Violence Epidemic amid COVID-19,analysis
2553,WATCH: China's Black community speaks out on identity racism and solidarity,analysis
2829,Anthropologist: Taiwanese identity is a paradox of conflicting beliefs – but social bonds create unity,analysis
2902,Review: Te-Ping Chen's Land of Big Numbers sketches the diversity of modern China,books
2988,In China pole dancing evolved from a male art practice in the Song Dynasty to an inclusive sport promoting body positivity,analysis
3125,CONTRIBUTE TO CHINA BRIEF: Our five tips for policy writing,analysis
3667,Voices: Chinese protesters in Shanghai and London reflect on anti-lockdown demonstrations,analysis
4035,NüVoices 2024 Global Updates / Wrap,analysis
4099,Memoir excerpt: Model Minority Gone Rogue by Qin Qin,books
4229,Exhibition: Ways of Remembering Hong Kong,art
